asset,policy,n_events,n_trades,selectivity_%,win_rate_%,avg_pnl_bps,med_pnl_bps,total_bps,pnl_vol_ratio,avg_mae_bps,max_drawdown_bps,avg_hold_s
CRYPTO,TIMING_ONLY,63,60,95.2,56.7,-0.8,0.6,-50.0,-0.041,15.4,147.0,213.0
CRYPTO,FULL_STACK,63,29,46.0,41.4,-1.6,-1.1,-48.0,-0.108,17.7,92.0,187.0
CRYPTO,FULL_STACK_GDELT,50,9,18.0,66.7,9.4,5.9,85.0,0.561,6.0,3.0,219.0
FX,TIMING_ONLY,126,104,82.5,63.5,-0.5,0.5,-54.0,-0.066,7.7,109.0,262.0
FX,FULL_STACK,126,87,69.0,65.5,-0.8,0.5,-68.0,-0.101,7.1,99.0,233.0
FX,FULL_STACK_GDELT,100,40,40.0,70.0,0.1,0.6,6.0,0.032,5.4,18.0,300.0
OIL,TIMING_ONLY,63,49,77.8,24.5,-3.0,-1.6,-146.0,-0.137,11.3,214.0,403.0
OIL,FULL_STACK,63,35,55.6,20.0,-1.7,-1.6,-58.0,-0.108,8.3,92.0,329.0
OIL,FULL_STACK_GDELT,50,19,38.0,15.8,-4.2,-1.7,-80.0,-0.441,10.2,60.0,498.0
