asset,event_type,ym,surprise,actual,forecast,early_bps,net_bps,pnl_timing,pnl_directed,surprise_z
CRYPTO,NFP,2024-01,215.0,216.0,1.0,-4.485526095289183,15.2476010404623,8.43315248746346,8.43315248746346,2.073037112694037
CRYPTO,CPI,2024-01,0.1,0.3,0.2,-16.866783382855076,38.85193866184578,1.2492917774873398,1.2492917774873398,0.0
CRYPTO,NFP,2024-02,167.0,353.0,186.0,-54.52119017778423,-91.28626467994394,4.988167386284827,4.988167386284827,1.570482661131846
CRYPTO,CPI,2024-02,0.0,0.3,0.3,-24.579396878277038,-44.55322172987497,,,-0.348394647036325
CRYPTO,NFP,2024-03,55.0,275.0,220.0,-13.834177565098527,-14.389271341892496,11.603870440150878,11.603870440150878,0.3978556074867343
CRYPTO,CPI,2024-03,0.2,0.4,0.2,52.86441031248312,78.85293750967692,-3.6267970936789666,2.468101639598654,0.348394647036325
CRYPTO,NFP,2024-04,127.0,303.0,176.0,-68.84693962407651,21.555199443805684,33.81340902320762,33.81340902320762,1.1516872848300204
CRYPTO,CPI,2024-04,0.2,0.4,0.2,-105.19008506025939,-143.36049207014702,1.8457059679763983,1.8457059679763983,0.348394647036325
CRYPTO,NFP,2024-05,-22.0,175.0,197.0,156.5829309816502,250.16119701054996,0.697742158737082,0.697742158737082,-0.40832549189427997
CRYPTO,CPI,2024-05,0.1,0.3,0.2,175.63060520449315,173.59842059646357,5.928531918406367,-98.23788703118308,0.0
CRYPTO,NFP,2024-06,54.0,272.0,218.0,-139.64624674646097,-96.92549433717556,-1.5789768548137832,-1.5789768548137832,0.38738572307918867
CRYPTO,CPI,2024-06,-0.2,0.0,0.2,189.6779885310984,195.45566828407468,-2.3730720405037413,-2.3730720405037413,-1.0451839411089752
CRYPTO,NFP,2024-07,-81.0,206.0,287.0,-83.02185163887255,-107.41050891316716,-25.099495584650853,-4.243930384765447,-1.0260486719394728
CRYPTO,CPI,2024-07,-0.2,-0.1,0.1,89.41189454096943,16.628909300915318,-28.02677520266439,-28.02677520266439,-1.0451839411089752
CRYPTO,NFP,2024-08,-127.0,114.0,241.0,-29.14522229800931,52.83437713151873,-0.18829592634905623,-5.051046158281112,-1.5076633546865723
CRYPTO,CPI,2024-08,0.1,0.2,0.1,-62.89878096226165,-100.79788613668872,17.412367894816597,17.412367894816597,0.0
CRYPTO,NFP,2024-09,38.0,142.0,104.0,89.63094434959685,174.78687135031868,-2.796847035648973,18.78177068973508,0.21986757255845846
CRYPTO,CPI,2024-09,-0.1,0.2,0.3,-43.173338949950015,-14.275566469714729,0.34595318668873176,3.6401579244225175,-0.69678929407265
CRYPTO,NFP,2024-10,-13.0,254.0,267.0,-35.26040293937882,57.465379019694396,38.20903376153795,9.051643721093907,-0.3140965322263692
CRYPTO,CPI,2024-10,0.1,0.2,0.1,-46.35069852461204,-48.64473168821104,5.246419493244227,5.246419493244227,0.0
CRYPTO,NFP,2024-11,-217.0,12.0,229.0,4.853482466402603,37.50221131623155,32.13666882696731,32.13666882696731,-2.4499529513656797
CRYPTO,CPI,2024-11,0.0,0.2,0.2,33.453747638914066,103.11857680057601,,,-0.348394647036325
CRYPTO,NFP,2024-12,51.0,227.0,176.0,45.209880068532996,53.17532838378103,1.423821400432292,-58.66016819930064,0.3559760698565518
CRYPTO,CPI,2024-12,0.1,0.3,0.2,42.13731419627997,37.41421052027016,14.834160471379533,14.98645987250891,0.0
CRYPTO,NFP,2025-01,43.0,256.0,213.0,1.3207103121892771,-3.5390892961773,-2.567409431151411,-0.8289414842457248,0.27221699459618665
CRYPTO,CPI,2025-01,0.1,0.4,0.3,127.85521049607951,172.1305737757728,32.82850801034276,-99.45076202940739,0.0
CRYPTO,NFP,2025-02,-65.0,143.0,208.0,-13.58176039596315,116.5083288088109,27.02328743559668,-1.6191115880184164,-0.8585305214187425
CRYPTO,CPI,2025-02,0.1,0.5,0.4,-163.4902993013243,-158.5316140792914,40.81196103218643,40.81196103218643,0.0
CRYPTO,NFP,2025-03,-42.0,151.0,193.0,42.89789576227277,-35.12094692934231,0.24423576547172487,0.24423576547172487,-0.6177231800451928
CRYPTO,CPI,2025-03,-0.4,0.2,0.6,66.17119146171913,84.75589019092178,1.605937435255946,1.605937435255946,-1.7419732351816248
CRYPTO,NFP,2025-04,89.0,228.0,139.0,47.696397465535334,43.566677616866386,0.38731896922583786,-52.03180059287349,0.7538316773432862
CRYPTO,CPI,2025-04,-0.5,-0.1,0.4,1.6486208530541724,-37.46978646213872,3.1750486625823378,3.1750486625823378,-2.09036788221795
CRYPTO,NFP,2025-05,51.0,177.0,126.0,-11.735658300279228,40.50522324096528,26.162839794364515,26.162839794364515,0.3559760698565518
CRYPTO,CPI,2025-05,0.5,0.2,-0.3,20.945371111611433,12.304174299480053,5.403218323671634,-15.85230415271721,1.3935785881453
CRYPTO,NFP,2025-06,8.0,139.0,131.0,17.51283973195017,-5.670512487683244,-0.08333362126600008,0.08558640009681717,-0.09422895966791077
CRYPTO,CPI,2025-06,-0.5,0.1,0.6,44.74897335880357,40.13845643495051,-1.8386155291241195,-1.8386155291241195,-2.09036788221795
CRYPTO,NFP,2025-07,17.0,147.0,130.0,-3.5792059160533185,-10.947445938924716,1.3257994482294162,1.3257994482294162,0.0
CRYPTO,CPI,2025-07,0.6,0.3,-0.3,40.05145171116054,24.30202065492937,0.7033662709086137,0.16013462593478422,1.7419732351816248
CRYPTO,NFP,2025-08,-59.0,73.0,132.0,13.382597460822598,24.86270061336393,-1.5243981171699765,-1.5243981171699765,-0.7957112149734686
CRYPTO,CPI,2025-08,-0.4,0.2,0.6,36.566508798057114,65.29781939446089,4.2895271406882,4.2895271406882,-1.7419732351816248
CRYPTO,NFP,2025-09,-107.0,22.0,129.0,31.323688235085356,52.72474528746018,-1.6232169118015598,-1.6232169118015598,-1.2982656665356593
CRYPTO,CPI,2025-09,0.2,0.4,0.2,-51.634625833871794,-36.37574585412806,33.026269702276295,33.026269702276295,0.348394647036325
CRYPTO,NFP,2025-11,35.0,119.0,84.0,7.008165441435565,20.954594417652572,-0.9173599388037061,5.255185147414522,0.18845791933582154
CRYPTO,NFP,2025-12,-56.0,64.0,120.0,6.82238124228407,-38.954079186088734,1.8800489205370603,1.8800489205370603,-0.7643015617508317
FX,NFP,2024-01,215.0,216.0,1.0,19.505226576557178,-0.38461010151147335,-0.03499299221065755,-0.03499299221065755,2.073037112694037
FX,CPI,2024-01,0.1,0.3,0.2,18.29259968784358,44.96703236698152,1.553369992431831,1.553369992431831,0.0
FX,NFP,2024-02,167.0,353.0,186.0,57.05413251993474,70.42188820697292,-0.07761841073661202,-0.07761841073661202,1.570482661131846
FX,CPI,2024-02,0.0,0.3,0.3,57.633149253176754,77.93447240651008,,,-0.348394647036325
FX,NFP,2024-03,55.0,275.0,220.0,-2.3586869051239745,-1.5817076893176463,0.06369694811370152,0.10994464150970806,0.3978556074867343
FX,CPI,2024-03,0.2,0.4,0.2,10.287219158915395,14.612423303066446,-9.798823157403213,-9.798823157403213,0.348394647036325
FX,NFP,2024-04,127.0,303.0,176.0,31.764472659038255,33.15676159126535,3.483765993638089,3.483765993638089,1.1516872848300204
FX,CPI,2024-04,0.2,0.4,0.2,66.82959833202217,75.86908394662916,1.4053583984007254,1.4053583984007254,0.348394647036325
FX,NFP,2024-05,-22.0,175.0,197.0,-43.574099220593524,-39.10042969549554,9.701677986046931,9.701677986046931,-0.40832549189427997
FX,CPI,2024-05,0.1,0.3,0.2,-23.591220926475476,-28.309465111768795,0.7025741079867984,0.8406206572851858,0.0
FX,NFP,2024-06,54.0,272.0,218.0,51.61805393054442,58.784933951832045,0.1980959490531795,0.1980959490531795,0.38738572307918867
FX,CPI,2024-06,-0.2,0.0,0.2,-46.43991603663133,-55.9136589081044,-1.231190352888433,-1.231190352888433,-1.0451839411089752
FX,NFP,2024-07,-81.0,206.0,287.0,0.1847259359843978,-2.6785260717554493,3.476399682501464,0.3844535100493438,-1.0260486719394728
FX,CPI,2024-07,-0.2,-0.1,0.1,-34.752148964121155,-36.31000391768335,0.4692513246239436,0.4692513246239436,-1.0451839411089752
FX,NFP,2024-08,-127.0,114.0,241.0,-22.846645927758757,-53.53961469939161,-0.9079770126586553,-0.9079770126586553,-1.5076633546865723
FX,CPI,2024-08,0.1,0.2,0.1,7.1660853671262625,6.340624900783576,1.0853355576910815,1.0853355576910815,0.0
FX,NFP,2024-09,38.0,142.0,104.0,-21.785707855459524,-11.820096865380325,-0.640075764051339,-7.793569953522649,0.21986757255845846
FX,CPI,2024-09,-0.1,0.2,0.3,15.167636338938584,24.40404772145799,1.4057447368652785,3.811489473730557,-0.69678929407265
FX,NFP,2024-10,-13.0,254.0,267.0,50.084304802654465,63.926609496528506,0.4585897260599445,4.378549614840633,-0.3140965322263692
FX,CPI,2024-10,0.1,0.2,0.1,-12.303104590110081,-10.876127403449676,-2.2816932999482056,-0.26760382859991516,0.0
FX,NFP,2024-11,-217.0,12.0,229.0,-24.67215038964632,-21.993196746592503,-0.2656744092123233,-0.2656744092123233,-2.4499529513656797
FX,CPI,2024-11,0.0,0.2,0.2,-14.444815628631424,-9.372662127766773,,,-0.348394647036325
FX,NFP,2024-12,51.0,227.0,176.0,-27.253361799004505,-17.56117836545945,1.16909511010277,3.998349601548213,0.3559760698565518
FX,CPI,2024-12,0.1,0.3,0.2,1.093691303253319,-9.167986228999503,0.9013666072487112,0.9013666072487112,0.0
FX,NFP,2025-01,43.0,256.0,213.0,-4.080066446796593,0.6994399623061476,0.8941785578996395,0.35992306721011147,0.27221699459618665
FX,CPI,2025-01,0.1,0.4,0.3,-35.18187817850071,-39.82103342521137,0.3539782783178467,1.466174721226233,0.0
FX,NFP,2025-02,-65.0,143.0,208.0,6.312735824053339,11.62314412795351,13.5936885909137,-17.857396062111007,-0.8585305214187425
FX,CPI,2025-02,0.1,0.5,0.4,41.810334434448926,33.12998818508328,2.5347152617382083,2.5347152617382083,0.0
FX,NFP,2025-03,-42.0,151.0,193.0,-22.46994414745629,12.422932235619522,-3.023807333543237,-3.023807333543237,-0.6177231800451928
FX,CPI,2025-03,-0.4,0.2,0.6,-11.199184846217847,14.714994515153679,-44.56680319428929,-44.56680319428929,-1.7419732351816248
FX,NFP,2025-04,89.0,228.0,139.0,23.37102173775807,57.0830438274339,3.7831560707722875,3.7831560707722875,0.7538316773432862
FX,CPI,2025-04,-0.5,-0.1,0.4,-19.816874068268042,3.855282773281843,1.1573324584167608,1.1573324584167608,-2.09036788221795
FX,NFP,2025-05,51.0,177.0,126.0,18.0839802399424,14.714184897670624,-0.07238080093296873,-0.07238080093296873,0.3559760698565518
FX,CPI,2025-05,0.5,0.2,-0.3,0.4948935978754676,-15.440680253746564,1.0225264501505524,1.0225264501505524,1.3935785881453
FX,NFP,2025-06,8.0,139.0,131.0,-0.3067592203076508,10.78916000560759,-0.6490135085913664,-0.07866046005566751,-0.09422895966791077
FX,CPI,2025-06,-0.5,0.1,0.6,-38.086992264536605,-22.99212460699529,0.04634433448103081,0.04634433448103081,-2.09036788221795
FX,NFP,2025-07,17.0,147.0,130.0,0.679902094099516,-0.16997552352515655,0.44465689398742825,0.44465689398742825,0.0
FX,CPI,2025-07,0.6,0.3,-0.3,-20.65814625281881,-10.260498367065107,0.45516175834803363,0.1127707563862721,1.7419732351816248
FX,NFP,2025-08,-59.0,73.0,132.0,-100.16057279738754,-130.41494467696646,1.2281347890462655,1.2281347890462655,-0.7957112149734686
FX,CPI,2025-08,-0.4,0.2,0.6,-30.16214306335474,-33.385183493548354,1.9254106330078855,1.9254106330078855,-1.7419732351816248
FX,NFP,2025-09,-107.0,22.0,129.0,-28.76019213346792,-29.025144869319064,-0.616688529617825,-0.616688529617825,-1.2982656665356593
FX,CPI,2025-09,0.2,0.4,0.2,-27.430439657312178,-26.30069924084877,-0.3165255576710315,0.6659689531750566,0.348394647036325
FX,NFP,2025-11,35.0,119.0,84.0,3.630830941594443,-0.04322417787694377,0.3831736920355553,0.3831736920355553,0.18845791933582154
FX,NFP,2025-12,-56.0,64.0,120.0,-1.5881191518585247,-2.403639797408097,0.15885796693193655,0.15885796693193655,-0.7643015617508317
FX,NFP,2024-01,215.0,216.0,1.0,41.61484906004986,23.156872134242334,3.321121022252683,3.321121022252683,2.073037112694037
FX,CPI,2024-01,0.1,0.3,0.2,26.38204782477116,60.984838061692855,1.6065871200309232,1.6065871200309232,0.0
FX,NFP,2024-02,167.0,353.0,186.0,65.41874473735332,88.17724082211376,0.5951507417444333,0.5951507417444333,1.570482661131846
FX,CPI,2024-02,0.0,0.3,0.3,63.21717846463848,74.1797336708494,,,-0.348394647036325
FX,NFP,2024-03,55.0,275.0,220.0,-3.518940865194775,2.1047250080497015,-0.7344160306489425,0.6267018122784194,0.3978556074867343
FX,CPI,2024-03,0.2,0.4,0.2,10.47777287986218,13.224373537690237,-18.51064836724936,-18.51064836724936,0.348394647036325
FX,NFP,2024-04,127.0,303.0,176.0,20.887659425390392,24.628930069303667,2.7291267903105663,2.7291267903105663,1.1516872848300204
FX,CPI,2024-04,0.2,0.4,0.2,36.62074802488257,36.54171043921739,0.14905547639709837,0.14905547639709837,0.348394647036325
FX,NFP,2024-05,-22.0,175.0,197.0,-72.21807050807105,-66.25918226822792,12.279733487224776,12.279733487224776,-0.40832549189427997
FX,CPI,2024-05,0.1,0.3,0.2,-23.724716139236214,-26.553679581312608,-23.193363312141834,0.9059802553367255,0.0
FX,NFP,2024-06,54.0,272.0,218.0,64.00200588908334,79.4447801879894,-0.008586916544594203,-0.008586916544594203,0.38738572307918867
FX,CPI,2024-06,-0.2,0.0,0.2,-42.80135845024735,-69.00367595619295,5.1972118935349485,5.1972118935349485,-1.0451839411089752
FX,NFP,2024-07,-81.0,206.0,287.0,6.039211291455349,20.047691091227282,-1.5292174741400313,7.529740465524904,-1.0260486719394728
FX,CPI,2024-07,-0.2,-0.1,0.1,-42.614031993019054,-183.08250782185675,1.1440023863661395,1.1440023863661395,-1.0451839411089752
FX,NFP,2024-08,-127.0,114.0,241.0,-123.17213557661022,-102.48458670210847,5.762216789906184,5.762216789906184,-1.5076633546865723
FX,CPI,2024-08,0.1,0.2,0.1,31.749272625185565,26.011944260118103,23.427086168417045,23.427086168417045,0.0
FX,NFP,2024-09,38.0,142.0,104.0,-62.00576067033281,-16.15780745395923,57.77820813621648,-30.94690438256842,0.21986757255845846
FX,CPI,2024-09,-0.1,0.2,0.3,30.048352454477012,37.56749417195948,-0.4026242365863233,5.149456388053753,-0.69678929407265
FX,NFP,2024-10,-13.0,254.0,267.0,119.56677517761082,143.86230712009285,1.9753351478367662,-0.12092370632277216,-0.3140965322263692
FX,CPI,2024-10,0.1,0.2,0.1,-20.48107011912603,-20.54150606374039,-7.175056129247292,-0.2281179838449212,0.0
FX,NFP,2024-11,-217.0,12.0,229.0,-33.40100857947448,-42.589560547515724,1.0060708307445552,1.0060708307445552,-2.4499529513656797
FX,CPI,2024-11,0.0,0.2,0.2,-22.426806325972493,-28.228734063251437,,,-0.348394647036325
FX,NFP,2024-12,51.0,227.0,176.0,-22.74772605760478,-60.160263541538804,4.060947795657578,6.75790023939571,0.3559760698565518
FX,CPI,2024-12,0.1,0.3,0.2,-5.897540070506357,-20.431699933161074,-0.9344281644142463,-0.9672140822082334,0.0
FX,NFP,2025-01,43.0,256.0,213.0,-3.817303838297148,0.6743903447659072,1.2904114469679548,0.7496198553201836,0.27221699459618665
FX,CPI,2025-01,0.1,0.4,0.3,-40.891198838231006,-38.910332352455335,3.378381660651298,-0.39277918574953574,0.0
FX,NFP,2025-02,-65.0,143.0,208.0,-7.890583903210624,-8.390320883747693,-2.1519258554693046,-2.1519258554693046,-0.8585305214187425
FX,CPI,2025-02,0.1,0.5,0.4,49.64250232088574,59.34298604211685,0.3609895041755138,0.3609895041755138,0.0
FX,NFP,2025-03,-42.0,151.0,193.0,-20.695097869860568,-27.164432883189924,1.7442092103802107,1.7442092103802107,-0.6177231800451928
FX,CPI,2025-03,-0.4,0.2,0.6,-7.762148939174374,22.856336400107757,-0.8988611768535595,-0.8988611768535595,-1.7419732351816248
FX,NFP,2025-04,89.0,228.0,139.0,28.628814160756022,31.598493800537586,0.5489253899847455,0.5489253899847455,0.7538316773432862
FX,CPI,2025-04,-0.5,-0.1,0.4,-15.062571573009054,3.7622039499685123,-0.31006409504385957,-0.31006409504385957,-2.09036788221795
FX,NFP,2025-05,51.0,177.0,126.0,18.581186289368112,9.778479041666621,-0.37856462237650845,-0.37856462237650845,0.3559760698565518
FX,CPI,2025-05,0.5,0.2,-0.3,3.814423245700471,-8.803553827251287,0.7574098482553424,0.7574098482553424,1.3935785881453
FX,NFP,2025-06,8.0,139.0,131.0,5.199234672654818,25.36533288966636,1.3867256545351268,1.3867256545351268,-0.09422895966791077
FX,CPI,2025-06,-0.5,0.1,0.6,-55.10125414722289,-37.74143366511162,1.5559281991416327,1.5559281991416327,-2.09036788221795
FX,NFP,2025-07,17.0,147.0,130.0,-1.2808707151401588,-0.5815845409284925,0.31551161285270446,-1.450043446501569,0.0
FX,CPI,2025-07,0.6,0.3,-0.3,-13.044903531925778,-3.8053267815918446,-13.999234940858084,-0.356808687824838,1.7419732351816248
FX,NFP,2025-08,-59.0,73.0,132.0,-87.74347818867211,-126.78633699207964,0.0676738389869822,0.0676738389869822,-0.7957112149734686
FX,CPI,2025-08,-0.4,0.2,0.6,-23.709611148906575,-28.57951139341064,0.9572641496701237,0.9572641496701237,-1.7419732351816248
FX,NFP,2025-09,-107.0,22.0,129.0,-34.7732641247378,-44.4043431097263,3.7851923749131497,3.7851923749131497,-1.2982656665356593
FX,CPI,2025-09,0.2,0.4,0.2,-26.782725142282526,-21.865795551767597,1.9453385785205288,0.38803312321078565,0.348394647036325
FX,NFP,2025-11,35.0,119.0,84.0,5.648573816738889,14.529568488141908,0.7954317686985632,0.7954317686985632,0.18845791933582154
FX,NFP,2025-12,-56.0,64.0,120.0,0.6444773127878278,2.062327400920161,0.997493467873479,0.256487826565289,-0.7643015617508317
OIL,NFP,2024-01,215.0,216.0,1.0,-30.29468465987284,30.29468465987284,12.141087405368125,23.152787336544137,2.073037112694037
OIL,CPI,2024-01,0.1,0.3,0.2,-55.294442908488946,-17.97069394525952,-23.804438280166426,-3.0,0.0
OIL,NFP,2024-02,167.0,353.0,186.0,6.901311249136732,1.3802622498260142,-15.424075096632015,-15.424075096632015,1.570482661131846
OIL,CPI,2024-02,0.0,0.3,0.3,11.814124442108831,-73.51010763980037,,,-0.348394647036325
OIL,NFP,2024-03,55.0,275.0,220.0,5.22125048949329,2.6106252447455347,-0.39107748499833406,-0.39107748499833406,0.3978556074867343
OIL,CPI,2024-03,0.2,0.4,0.2,-6.559958016267853,-39.35974809761156,-4.3145786775337065,6.202050742738166,0.348394647036325
OIL,NFP,2024-04,127.0,303.0,176.0,-9.5124851367423,35.67181926278362,-11.322434906671283,1.7556770895273992,1.1516872848300204
OIL,CPI,2024-04,0.2,0.4,0.2,-23.969319271333056,1.198465963567763,3.0031216232458995,-1.7993756753512642,0.348394647036325
OIL,NFP,2024-05,-22.0,175.0,197.0,19.135093761959432,-25.76859293277223,-5.545500827286773,-3.0,-0.40832549189427997
OIL,CPI,2024-05,0.1,0.3,0.2,29.877890361131865,-4.416731618602787,9.950012950012635,9.950012950012635,0.0
OIL,NFP,2024-06,54.0,272.0,218.0,-11.898466419884013,-47.06504494976116,-3.0,-0.352045544816157,0.38738572307918867
OIL,CPI,2024-06,-0.2,0.0,0.2,7.64525993883769,30.58103975535076,-1.7285441830908717,-0.45708836617841264,-1.0451839411089752
OIL,NFP,2024-07,-81.0,206.0,287.0,11.92179303767471,13.11397234144085,-0.6187641385871885,-0.6187641385882987,-1.0260486719394728
OIL,CPI,2024-07,-0.2,-0.1,0.1,38.91050583657574,16.2937743190672,0.6398932297987407,-4.213297743267727,-1.0451839411089752
OIL,NFP,2024-08,-127.0,114.0,241.0,-61.137692716639606,-73.89686337054724,27.64623584277171,27.64623584277171,-1.5076633546865723
OIL,CPI,2024-08,0.1,0.2,0.1,5.199532042114985,22.617964383204736,-1.7016359387159703,-1.7016359387159703,0.0
OIL,NFP,2024-09,38.0,142.0,104.0,2.870676044208764,-34.16104492608207,-5.866972477065799,-5.866972477065799,0.21986757255845846
OIL,CPI,2024-09,-0.1,0.2,0.3,7.433838834374207,-31.51947665774646,5.932559178205235,-1.511240136964684,-0.69678929407265
OIL,NFP,2024-10,-13.0,254.0,267.0,27.02702702702675,30.270270270271737,-1.653017241379004,-3.0,-0.3140965322263692
OIL,CPI,2024-10,0.1,0.2,0.1,10.790396547073478,77.15133531157159,-1.651382333110238,-1.651382333110238,0.0
OIL,NFP,2024-11,-217.0,12.0,229.0,-7.030371203601282,-25.028121484815813,-4.408649105507642,-4.408649105507642,-2.4499529513656797
OIL,CPI,2024-11,0.0,0.2,0.2,13.190678587129412,-64.48776198153317,,,-0.348394647036325
OIL,NFP,2024-12,51.0,227.0,176.0,-8.862629246676468,-31.90546528803462,-0.045790251108954294,-25.156573116691725,0.3559760698565518
OIL,CPI,2024-12,0.1,0.3,0.2,-8.63682164963353,-11.227868144525477,-1.5599078341025336,-1.5599078341014234,0.0
OIL,NFP,2025-01,43.0,256.0,213.0,10.914051841746097,22.37380627558183,-3.0,-3.0,0.27221699459618665
OIL,CPI,2025-01,0.1,0.4,0.3,15.612802498048417,37.99115274525144,-1.7011300168848749,-1.7011300168848749,0.0
OIL,NFP,2025-02,-65.0,143.0,208.0,-5.626670417780977,-9.846673231116432,5.4388185653994086,5.4388185653994086,-0.8585305214187425
OIL,CPI,2025-02,0.1,0.5,0.4,-17.91620727673582,-1.1025358324157075,-1.6197377501717654,-1.6197377501739858,0.0
OIL,NFP,2025-03,-42.0,151.0,193.0,16.37392080976463,-10.419767788033552,-1.5125687936937666,-1.5125687936926564,-0.6177231800451928
OIL,CPI,2025-03,-0.4,0.2,0.6,10.430636268814464,2.9801817910879436,-0.024695031240248966,-0.02469503124135919,-1.7419732351816248
OIL,NFP,2025-04,89.0,228.0,139.0,51.4552178806893,-52.0984081041953,11.464802314368974,11.464802314368974,0.7538316773432862
OIL,CPI,2025-04,-0.5,-0.1,0.4,-18.08318264014508,-99.29311195133961,3.573541495480395,3.573541495480395,-2.09036788221795
OIL,NFP,2025-05,51.0,177.0,126.0,71.64790174002178,101.33060388945792,2.0907856779236482,2.0907856779236482,0.3559760698565518
OIL,CPI,2025-05,0.5,0.2,-0.3,6.424670735625249,28.26855123674976,-1.3935742971885574,-1.3935742971885574,1.3935785881453
OIL,NFP,2025-06,8.0,139.0,131.0,22.123893805310324,59.73451327433654,12.780337699227154,12.780337699227154,-0.09422895966791077
OIL,CPI,2025-06,-0.5,0.1,0.6,1.5126304643775512,38.72333988806709,-4.511487303504921,-1.4885126964950786,-2.09036788221795
OIL,NFP,2025-07,17.0,147.0,130.0,0.0,-31.5315315315301,,,0.0
OIL,CPI,2025-07,0.6,0.3,-0.3,-10.631834750912672,-12.758201701094096,-3.0,3.0836501901140316,1.7419732351816248
OIL,NFP,2025-08,-59.0,73.0,132.0,0.0,-2.020202020200923,,,-0.7957112149734686
OIL,CPI,2025-08,-0.4,0.2,0.6,-1.5735641227376806,-17.938630999212446,-1.4269309422690863,-1.4269309422690863,-1.7419732351816248
OIL,NFP,2025-09,-107.0,22.0,129.0,1.5933715742511012,-89.22880815806167,-1.4066284257488988,-1.4066284257488988,-1.2982656665356593
OIL,CPI,2025-09,0.2,0.4,0.2,-17.488076311605873,-19.713831478537223,1.7687172150678858,-28.43315848036798,0.348394647036325
OIL,NFP,2025-11,35.0,119.0,84.0,-18.34556370913898,-13.008672448298064,-1.3313866177214724,-1.3313866177203622,0.18845791933582154
OIL,NFP,2025-12,-56.0,64.0,120.0,-11.737089201877549,-2.347417840375954,3.7046597385178597,3.7046597385178597,-0.7643015617508317
