asset,event_type,early_bps,bucket,gross_bps,net_retail_conservative_bps,net_retail_optimistic_bps
CRYPTO,NFP,20.867942468688618,small,10.43315248746346,-15.265032588258602,-0.2669024981858321
CRYPTO,CPI,39.39754760236558,small,3.2492917774873398,-0.4576880466822075,17.52879229825722
CRYPTO,FOMC,5.117966014130948,small,2.00933130697023,-28.956772771830934,-10.951548219571887
CRYPTO,NFP,23.870862925311485,small,6.988167386284827,-18.681998987963837,-3.682843961606334
CRYPTO,CPI,39.214488298359164,small,13.013437762751101,-27.369403903723093,-9.366781367406755
CRYPTO,NFP,8.315215245127128,small,-13.60067479287741,-41.588196428895536,-26.594223492487405
CRYPTO,CPI,22.04289268535886,small,4.468101639598654,-35.041601404650606,-17.034376929126786
CRYPTO,FOMC,56.80607503824042,mid,-0.6057638977108315,-40.11938090590526,-19.133443104170972
CRYPTO,NFP,45.75261820799925,small,35.81340902320762,8.989946815123346,23.98080150195959
CRYPTO,CPI,56.876472693087045,mid,3.8457059679763983,-31.888337025067752,-13.883003941282716
CRYPTO,FOMC,29.550027731992667,small,-81.19138544399051,-106.77394746219758,-88.7220337675374
CRYPTO,NFP,57.67937487841435,mid,2.697742158737082,-23.50353484621424,-8.504135696857144
CRYPTO,CPI,115.72472659903798,big,7.928531918406367,-12.57670579239976,5.429551743138202
CRYPTO,NFP,118.16103248027842,big,0.42102314518621675,-23.34497039256032,-8.344416684443516
CRYPTO,CPI,109.48536979855872,big,-0.3730720405037413,-31.852456889650533,-13.857768278687558
CRYPTO,FOMC,98.59170466929857,mid,3.9712149890991366,-22.64587978909825,-4.644441678358417
CRYPTO,NFP,113.8621334100065,big,-23.099495584650853,11.496232383403377,26.48633529725909
CRYPTO,CPI,129.27597483659792,big,-26.02677520266439,-37.90226678012652,-19.911209145406552
CRYPTO,FOMC,20.112167471432187,small,13.413022585296863,-16.8733528721887,1.1246218086327158
CRYPTO,NFP,48.84200409251527,mid,1.8117040736509438,-32.12238754286332,-17.119201004264
CRYPTO,CPI,52.1981584749065,mid,19.412367894816597,-21.964369699036794,-3.964989211535423
CRYPTO,NFP,62.082054865566505,mid,-0.7968470356489732,-26.03449747479945,-11.035857728217461
CRYPTO,CPI,58.307586109573876,mid,2.3459531866887318,-30.47904470615535,-12.474556944402686
CRYPTO,FOMC,78.91288905522265,mid,-2.325193454613128,-31.698675316051954,-13.70554407484214
CRYPTO,NFP,33.136301845808624,small,11.051643721093907,-24.426260953840355,-9.427138663873118
CRYPTO,CPI,46.8696957827397,small,7.246419493244227,-36.94172234836478,-18.933358141878013
CRYPTO,NFP,12.274945073756927,small,-47.34735655368638,-77.28444787840736,-62.26771475234071
CRYPTO,FOMC,23.46743988989486,small,-0.5234094209249918,-33.67424382701765,-12.665989145737903
CRYPTO,CPI,21.849287728401556,small,23.690734812416014,-7.064734431354562,9.440936965029685
CRYPTO,NFP,21.13894101329894,small,3.423821400432292,-23.443470580815067,-8.444053409474066
CRYPTO,CPI,39.69972754530815,small,16.834160471379533,-19.535969098274357,-0.03231782997081112
CRYPTO,FOMC,20.536406275836192,small,-1.4747812407822636,-40.14161598227204,-19.12754328313814
CRYPTO,NFP,4.1081859593261605,small,-0.5674094311514111,-28.425130907075975,-13.42720845818856
CRYPTO,CPI,99.20172981667363,mid,34.82850801034276,-16.790833457396275,2.7148775693799436
CRYPTO,FOMC,35.99271395466231,small,0.913421040599216,-33.24039378841624,-12.232529396608342
CRYPTO,NFP,50.688996931513856,mid,29.02328743559668,5.822473239887067,20.814278026375597
CRYPTO,CPI,143.55877628427493,big,42.81196103218643,-29.35024681280483,-9.846534122238452
CRYPTO,NFP,65.86533343710066,mid,2.244235765471725,-24.0630808344444,-9.063849574083342
CRYPTO,CPI,128.2925299045523,big,3.605937435255946,-37.60767014619802,-19.616435700405603
CRYPTO,FOMC,85.49008545803093,mid,6.0328816922772255,-27.192851082340468,-6.195274164125568
CRYPTO,NFP,83.29019924916415,mid,-50.03180059287349,-79.36715416023918,-64.34979631593096
CRYPTO,CPI,49.27937465567523,mid,5.175048662582338,-17.90796363164258,1.5969091785041982
CRYPTO,NFP,27.351863530380438,small,0.4076945552400346,-27.646013662175875,-12.647857443027537
CRYPTO,FOMC,15.845072981823805,small,3.193047414160599,-29.229491499458398,-8.2337483831516
CRYPTO,CPI,30.483288606741876,small,10.43633747340511,-39.41578052315984,-21.42563126945584
CRYPTO,NFP,43.37622359737337,small,1.916666378734,-26.538154301350964,-11.539665674501258
CRYPTO,CPI,40.60809187723669,small,0.16138447087588048,-32.4217966068918,-14.427449702367527
CRYPTO,FOMC,16.88458833704054,small,1.421688061575832,-35.2082509203677,-14.217891110968932
CRYPTO,NFP,0.45566892565851447,small,1.7937274124280034,-26.729481536680293,-11.727912627402574
CRYPTO,CPI,35.89781576571749,small,2.7033662709086137,-29.296640985544393,-9.800313445194934
CRYPTO,FOMC,6.612785340838201,small,-31.477896876181966,-62.434754341023066,-44.46006521018541
CRYPTO,NFP,24.779893084739825,small,0.47560188283002347,-34.180324292032424,-19.18412866035645
CRYPTO,CPI,32.862428131636975,small,6.2895271406882,-39.241590508584096,-21.251336709477755
CRYPTO,NFP,35.50710648295707,small,18.60099906168533,-21.87264145699695,-6.87252938136073
CRYPTO,CPI,71.84871631651491,mid,35.026269702276295,-9.045968122646224,10.442523053042727
CRYPTO,FOMC,42.89963471546754,small,-41.577963000469786,-67.47266759356549,-49.50100128656131
CRYPTO,NFP,1.0855546860022436,small,0.9936777977692657,-27.003087158894417,-12.004738032840072
CRYPTO,FOMC,34.27583462046191,small,4.570364268060567,-24.405223262438085,-6.402729571893577
CRYPTO,NFP,4.66944736451369,small,1.0826400611962939,-24.740087994333784,-9.741059866613437
CRYPTO,CPI,7.557923767841368,small,2.4803948343798954,-34.16709855746268,-16.160398626428922
CRYPTO,NFP,4.103779033246546,small,3.8800489205370603,-21.489518804601573,-6.48951535972752
CRYPTO,CPI,3.626215759404694,small,3.6108237836551815,-28.09618806789647,-11.592393941216354
CRYPTO,FOMC,44.25347024782145,small,-10.683843246961366,-51.406557043207606,-30.43078227514239
FX,NFP,33.103940879932736,mid,0.9650070077893425,-1.698384216419368,-1.0489759897632118
FX,CPI,29.35006666332951,mid,2.553369992431831,-1.6980296013664904,-1.0486213977341392
FX,FOMC,21.436177814246893,mid,1.7998227866788952,-1.744754040215612,-1.095342802654597
FX,NFP,35.417661974933566,mid,0.922381589263388,-1.5140405600196245,-0.8646443032352288
FX,CPI,49.6645787776584,big,9.170254858605897,8.161243996908496,8.585555449898541
FX,NFP,0.23124381422823248,small,-0.6935742656211108,-1.8040227498579582,-1.6040488303299845
FX,CPI,30.03867994403775,mid,-8.798823157403213,-9.35596761277373,-8.9309122475552
FX,FOMC,20.11035384098747,small,3.127112525465048,-0.31892857394315544,0.3304427749188491
FX,NFP,33.97738222019275,mid,4.483765993638089,3.340966995801065,3.990048005332714
FX,CPI,47.49872278143719,big,2.4053583984007254,-1.2822808465747122,-0.632899638503703
FX,FOMC,11.054019494418643,small,6.789311282897614,5.453481611786115,5.878400164914099
FX,NFP,35.854461578528344,mid,10.701677986046931,9.27217700612366,9.69725772777692
FX,CPI,30.0545691255083,mid,1.7025741079867984,2.1156138133430873,2.540390617245381
FX,NFP,47.99331947675456,big,1.1980959490531795,0.37537750212908205,1.0246510744786446
FX,CPI,40.49560678394349,mid,-0.23119035288843293,-2.484397613630884,-1.8351668829848395
FX,FOMC,22.093790215079736,mid,-10.536385188062436,-13.307088910645293,-12.881865751170496
FX,NFP,23.875827225832147,mid,1.3844535100493438,-0.40646620348709883,0.24289946097639825
FX,CPI,36.78012582674528,mid,1.4692513246239436,1.6998589940512958,2.3493614361295827
FX,FOMC,8.690426662968376,small,4.902323516352558,3.6140362955609633,4.03854085710571
FX,NFP,34.29304631176855,mid,0.09202298734134473,-2.57231349025071,-1.9230884685613066
FX,CPI,9.932738578484201,small,-11.242678658855976,-12.352177117036112,-11.928014716770674
FX,NFP,25.071568751010574,mid,0.35992423594866096,-4.0355224762307795,-3.3863924703732446
FX,CPI,23.679623299300843,mid,2.4057447368652785,2.2943020437109056,2.7188626510725293
FX,FOMC,35.498279007486474,mid,4.074085681156081,1.2570264234694322,1.906500109505727
FX,NFP,49.4950776873293,big,1.4585897260599445,-0.2881380727488999,0.13653220439486835
FX,CPI,21.130239110151994,mid,0.7323961714000848,-0.09636386848881318,0.5529403351560273
FX,NFP,31.392549562945238,mid,0.7343255907876767,-0.7392549747338603,-0.31459940853477664
FX,FOMC,7.593787911061023,small,-17.40297609404862,-19.33696138701606,-18.91309560956915
FX,CPI,25.17256143751867,mid,1.6904662399785941,-0.10290296072095162,0.5464824161109497
FX,NFP,23.5219656428165,mid,2.16909511010277,0.1864144972367313,0.835818661360355
FX,CPI,17.5466126478252,small,0.713012477719932,0.901703046383551,1.3264282991424907
FX,FOMC,26.269744024944863,mid,1.29124203136044,-0.6480126951942552,0.0013273283276497017
FX,NFP,0.5828666352558631,small,1.2625956051981468,-0.21369277844533985,0.21098510680146487
FX,CPI,41.87856671454604,big,1.3539782783178467,-0.6851527929248477,-0.03580522542416775
FX,FOMC,11.900020633101027,small,0.7210463825091384,0.99132505450279,1.6405586319049985
FX,NFP,34.06949792065017,mid,-16.857396062111007,-10.87378634266738,-10.449561159581888
FX,CPI,40.12248933040752,mid,3.5347152617382083,3.608100508177126,4.032605321798011
FX,NFP,18.14171720101898,small,-2.023807333543237,-2.20417538504396,-1.5549264577181972
FX,CPI,34.148334121255616,mid,-43.56680319428929,-43.12164885894436,-42.69879314575302
FX,FOMC,16.283123967930635,small,1.010653203541434,-0.45791455278458815,0.19144777079689346
FX,NFP,21.566309634456495,mid,3.068965984120986,2.0947505282646444,2.743912457609366
FX,CPI,23.60009548129982,mid,2.157332458416761,-1.9667646706807314,-1.3175003267070102
FX,NFP,25.185250529285995,mid,0.9276191990670313,-0.06214636440975385,0.5871556174101403
FX,FOMC,4.4523401235196935,small,2.1164301115095263,-0.5457808999782984,-0.12109968138345162
FX,CPI,12.417330273992722,small,3.146152255790735,0.23509000155281823,0.6597869452588782
FX,NFP,20.728158743513745,small,0.9213395399443325,0.9853421180209935,1.4099583136421683
FX,CPI,30.30342782930351,mid,1.0463443344810308,-0.5994348324474427,-0.17477332850916982
FX,FOMC,20.82880375701146,small,0.6506717100962511,-0.4811025691660472,0.16825824866546524
FX,CPI,16.88653448881805,small,1.4551617583480336,-0.1010134269181947,0.32366924348532533
FX,FOMC,7.577242145142549,small,0.6963515530800102,-0.4337721529608537,0.2155917383487974
FX,NFP,36.85277317117874,mid,2.2281347890462655,2.1046903563130663,2.754219086767274
FX,CPI,38.60754312108972,mid,2.9254106330078855,2.6934810233507194,3.3430479878763912
FX,NFP,42.56337498504293,big,0.38331147038217495,0.5627294606628922,1.212158061408131
FX,CPI,19.856043683295077,small,0.6834744423289685,-0.5307665558014648,-0.10610213572363991
FX,FOMC,28.13598073085899,mid,1.0941932008523558,-2.3254667654955425,-1.6762257144194321
FX,NFP,1.0652168355407277,small,2.0456695732240515,0.9280810119131736,1.1280524508209937
FX,FOMC,5.709159122420093,small,2.705581227561149,0.2805260559494819,0.9298057872301871
FX,NFP,0.7348110238947214,small,1.340250756591832,0.0076245080020246325,0.20761435585754417
FX,CPI,0.21522872356349865,small,-6.5444462623442945,-7.834179195817681,-7.634032513456779
FX,NFP,0.6867542278321537,small,0.08582438614013199,-0.6451277132164975,-0.44513061555466715
FX,FOMC,6.348743334892992,small,2.2283931571176474,0.4901416391027261,1.1395655262384623
FX,NFP,43.19952046465181,big,4.321121022252683,1.8643362119656453,2.289102344866079
FX,CPI,32.814176825073375,mid,2.606587120030923,-0.5891902078154928,0.060163591171625064
FX,FOMC,25.269426725489375,mid,1.499296352960311,-2.0610322077426075,-1.4117739851833728
FX,NFP,44.35111355044042,big,1.5951507417444333,-1.2790409872649895,-0.6297319848465485
FX,CPI,42.088979518033476,big,0.3001020346915517,-7.362072549387966,-6.937698234365675
FX,NFP,0.6639511066397485,small,1.2285828131219922,0.12525882086817963,0.3252463160611899
FX,CPI,46.760028483265884,big,-17.51064836724936,-17.822857472075835,-17.398927395178717
FX,FOMC,24.339165278763897,mid,2.145596905060998,-0.7280718973108776,-0.07872667535395694
FX,NFP,21.251210459691805,mid,3.7291267903105663,0.3932632373286452,1.0426808335077369
FX,CPI,25.160298103428236,mid,1.1490554763970984,-2.0512269440771553,-1.6266270933880551
FX,FOMC,18.838065578031802,small,1.7131707936135498,-0.25631836487143256,0.3929962250008415
FX,NFP,48.98297507122229,big,13.279733487224776,9.59318539602334,10.01743603803713
FX,CPI,44.58832152455461,big,-22.193363312141834,-21.260214949909304,-20.834654041032728
FX,NFP,42.239395147292136,big,0.9914130834554058,-0.021337306052737426,0.6280533673756586
FX,CPI,41.11601521260777,mid,6.1972118935349485,1.3188814403246156,1.9680937487069454
FX,FOMC,24.437723892205554,mid,0.28813553895723487,0.0120363101800528,0.6614291507793361
FX,NFP,28.17260937509669,mid,8.563030129410398,2.3968557863844446,3.0459980993140072
FX,CPI,43.60433629496008,big,2.1440023863661395,2.3939438653179494,2.81850024114001
FX,FOMC,15.14915453131982,small,8.972648321849963,7.378471500308192,7.803471801977446
FX,NFP,63.49909550707022,big,6.762216789906184,-1.3480083620272416,-0.6986228861101559
FX,CPI,23.44614023446212,mid,24.427086168417045,20.169472943110513,20.595016440203963
FX,NFP,54.39469320066337,big,-29.94690438256842,-23.162608590565224,-22.738905276864106
FX,CPI,34.6684629844507,mid,0.5973757634136767,2.283985372695652,2.9335257459587987
FX,FOMC,70.99191480970046,big,0.35502412389143423,-1.297338447085616,-0.6479562612855979
FX,NFP,81.55382211029848,big,2.9753351478367662,2.236125917563348,2.8856631829991657
FX,CPI,43.01024725016367,big,0.7718820161550788,0.12725835471223446,0.776658677439768
FX,NFP,44.53467810596634,big,2.006070830744555,-1.7237536977639407,-1.2990224536065127
FX,FOMC,8.236613052414743,small,1.8298500829971864,0.8299955200822943,1.4794414761780232
FX,CPI,26.137716725234128,mid,1.7140011254190846,-1.1366557942689588,-0.7119494826964164
FX,NFP,40.01607284585762,mid,5.060947795657578,3.5002063907100927,3.9247157863257613
FX,CPI,21.689841814869215,mid,0.06557183558575375,1.0360941063173983,1.6853247767582684
FX,FOMC,30.98945122982144,mid,4.638203879874236,1.9789847182831282,2.6285052858403106
FX,NFP,0.7316499023390932,small,1.0818103141063684,-0.21659029396618978,-0.016595961859921737
FX,CPI,36.87851110176999,mid,4.378381660651298,3.939902865954093,4.588944985145904
FX,FOMC,15.887952871109778,small,-5.177914426122143,-6.251426948815242,-5.827005468007229
FX,NFP,47.83666491320338,big,-1.1519258554693046,4.95254608882596,5.376993807202757
FX,CPI,51.987817391163645,big,1.3609895041755138,2.299228230991224,2.7240128324472317
FX,NFP,16.630594196567206,small,2.7442092103802107,2.7733791707755366,3.197919432927199
FX,CPI,44.220727289835395,big,0.10113882314644052,-0.06779688009177465,0.5815054686290736
FX,FOMC,12.773010595261702,small,3.206402116227025,1.6451551809264058,2.0697433559339733
FX,NFP,28.180950641996105,mid,1.5489253899847455,-0.6886579138550172,-0.03931057396226978
FX,CPI,26.92692589421175,mid,0.6899359049561404,-2.929251006466726,-2.2797628566802337
FX,NFP,25.01712790915045,mid,0.6214353776234915,0.2808858584461674,0.9302961572225769
FX,FOMC,3.6620327420611165,small,6.106177707220217,5.86459197525131,6.289000961317415
FX,CPI,17.688121953525204,small,3.650005069449902,2.4929226191931613,2.917474791634245
FX,NFP,30.363530488310975,mid,2.3867256545351268,1.011077662616389,1.6605353775748903
FX,CPI,41.162460936963186,mid,2.5559281991416327,0.8350635776958718,1.4843073015295531
FX,FOMC,18.8924271415436,small,1.8001550902857488,0.009420287137418604,0.6587176219656324
FX,NFP,0.276945019489494,small,-1.5927867535547868,-2.795946901210255,-2.5959009824890074
FX,CPI,18.992838821092484,small,-12.999234940858084,-14.258812327107728,-13.83354875031455
FX,FOMC,6.8882094015676465,small,5.714823580033057,4.119424557067886,4.543907656034252
FX,NFP,38.5911891200752,mid,1.0676738389869822,-1.0183661449266075,-0.36900207346994807
FX,CPI,39.8078982642125,mid,1.9572641496701237,2.9023879709348503,3.5514974584520247
FX,NFP,48.527120780490485,big,4.78519237491315,5.6775344464458755,6.326463737063426
FX,CPI,21.811689036330684,mid,2.945338578520529,4.068942557981359,4.717976298317783
FX,FOMC,22.527295972433194,mid,3.5972825100105688,0.6432964940865208,1.2925526698141625
FX,NFP,0.4751770883182349,small,1.2221328254691244,0.22287968252028312,0.4228652253139401
FX,FOMC,5.582006238713522,small,3.4458654537217193,0.7756969903675696,1.4251394205015537
FX,NFP,3.101817991848499,small,1.7301320449836233,0.6287928419416836,1.0535065050225172
FX,CPI,0.8079371748059838,small,2.0687671117758377,0.7689388759406061,0.968913497660218
FX,NFP,1.417850088132333,small,1.9008221861405161,0.5688314259093111,0.7688528029951683
FX,CPI,1.436277169575284,small,1.5642607910060224,0.3282128911267893,0.7528569933827448
FX,FOMC,6.680603236096649,small,4.288507759316884,1.4205513323166223,2.069757039029741
OIL,NFP,27.54062241806743,mid,26.152787336544137,21.143128153448988,22.145392609551507
OIL,CPI,13.823610727122793,small,-20.804438280166426,-25.81356188019923,-24.811130615500886
OIL,FOMC,2.6798874447298004,small,-0.0,-5.000800160031126,-4.000450067509597
OIL,NFP,1.3802622498282346,small,15.172413793103079,10.167145881167961,11.168312684130989
OIL,CPI,23.628248884222103,mid,60.46267087276513,55.48606061906314,56.48036232774423
OIL,NFP,0.0,small,2.608922515001666,-2.391321005299595,-1.3914101118573932
OIL,CPI,10.495932826030119,small,-1.3145786775337065,-6.315904774223501,-5.315423177814193
OIL,FOMC,2.524614996213259,small,16.405855628471855,11.400094438460574,12.401384542446326
OIL,NFP,5.945303210466157,small,-45.22732682694652,-50.246221536618506,-49.241347128041845
OIL,CPI,8.38926174496546,small,6.0031216232458995,1.0047231922093456,2.0044727624012335
OIL,FOMC,19.245573518091863,small,-32.055391716886426,-26.807723465575137,-25.81025433454076
OIL,NFP,24.23778543181543,mid,-2.545500827286773,-10.088165821079519,-9.089024650629328
OIL,CPI,18.186541958951086,small,12.950012950012635,-3.7057217955983592,-2.70594234881416
OIL,NFP,3.966155473295041,small,-0.0,-5.000800160031126,-4.000450067511817
OIL,CPI,21.661569826707527,small,1.2714558169091283,-8.8105883652968,-7.811319430708451
OIL,FOMC,7.650133877342702,small,2.5519969376053275,0.10588733367000813,1.1057267829582837
OIL,NFP,9.537434430137992,small,2.3812358614128115,-2.6189166024371815,-1.6190284696971915
OIL,CPI,32.83073929961189,mid,3.6398932297987407,1.0641267840071365,2.0643832395171877
OIL,FOMC,16.677357280309167,small,-0.0,-1.1466840176811424,-0.14671931751652956
OIL,NFP,7.974481658690191,small,30.64623584277171,22.999202079522107,23.996752311728933
OIL,CPI,7.7992980631735875,small,1.2983640612840297,-3.701355340460898,-2.7015754570082198
OIL,NFP,31.577436486291965,mid,-2.866972477065799,-12.161711481147973,-11.162777675638557
OIL,CPI,14.867677668749524,small,1.488759863035316,-5.0008001600333465,-4.000450067511817
OIL,FOMC,67.53843943095194,big,-8.542141230066802,-27.75293650901356,-26.755561904016176
OIL,NFP,39.18918918919046,mid,1.346982758620996,-2.3063120134582107,-1.30639261869303
OIL,CPI,14.836795252225476,small,-2.69541778975646,-3.651303611983513,-2.6515187231103123
OIL,NFP,11.248593925758943,small,-1.4086491055076422,-7.81962258892943,-6.818990628252418
OIL,FOMC,6.887052341597588,small,1.376651982378796,0.505205566818546,1.505406127406573
OIL,CPI,11.725047633006636,small,-4.391743522178526,-6.462957781849909,-5.4634540724608485
OIL,NFP,17.725258493354048,small,-0.0,-5.000800160031126,-4.000450067511817
OIL,CPI,5.7578810997538366,small,1.4400921658974664,-2.119463524041908,-1.1194015507843815
OIL,FOMC,5.702879954376794,small,1.422070534700115,-6.420499861353845,-5.420991905957905
OIL,NFP,2.7285129604370795,small,0.0,-4.999200159966465,-3.9995500674895315
OIL,CPI,15.612802498048417,small,1.2988699831151251,1.4942393618188063,2.4945388307372482
OIL,FOMC,2.743484224965176,small,1.371365880418196,-2.256813109257182,-1.2568887643539242
OIL,NFP,5.626670417780977,small,0.0,-3.593292874476516,-2.5935021842361508
OIL,CPI,13.781697905183021,small,1.3802622498282346,-0.8594999805812122,0.14043600261570788
OIL,NFP,13.396844298896315,small,1.4874312063062334,-6.485594330947308,-5.486092885326309
OIL,CPI,5.960363582180328,small,2.975304968759751,-9.457056916251204,-8.457852631753692
OIL,FOMC,4.479617739285846,small,5.976393246676093,2.4726801926976414,3.4722829745236226
OIL,NFP,8.039877793857286,small,14.464802314368974,6.246702379228864,7.247477118226154
OIL,CPI,13.151405556468543,small,-116.680361544782,-115.09817329646077,-114.10953365214927
OIL,NFP,39.23575571477489,mid,5.090785677923648,5.18002672377882,6.180694789874487
OIL,FOMC,8.59106529209619,small,1.717622810031294,-3.282559115859284,-2.282737350688512
OIL,CPI,12.849341471250497,small,1.6066838046280285,-0.1788203399034618,0.8210475787294733
OIL,NFP,18.963337547408532,small,15.780337699227154,12.352229348986278,13.353614671227533
OIL,CPI,15.126304643775512,small,-1.5114873035049214,-12.551331317297686,-11.55243647572146
OIL,FOMC,4.103405826836326,small,-0.0,-6.369898394624872,-5.369411399121059
OIL,NFP,1.5015015015018562,small,-36.01981089599193,-41.00460601260913,-40.008556640861556
OIL,CPI,4.556500607533209,small,-0.0,-5.000800160031126,-4.000450067511817
OIL,FOMC,4.262574595055302,small,1.4216661927790586,-0.7347017377902212,0.26522176620680327
OIL,NFP,20.202020202020332,small,7.2181319474518,6.549496621797047,7.548691742354952
OIL,CPI,12.588512981905886,small,1.5730690577320239,-1.8543202481092749,-0.8543556519070563
OIL,NFP,11.153601019757708,small,7.964319847084678,6.148164122152689,7.148929006832617
OIL,CPI,6.359300476946883,small,-0.0,-1.8188660632879596,-0.8188341482774355
OIL,FOMC,6.252931061434541,small,1.5642108556235268,-8.131942820488568,-7.131279629348896
OIL,NFP,19.759591635105657,small,-39.60396039603964,-42.96351562013368,-41.95936944575884
OIL,FOMC,3.298153034299034,small,1.6482610845547363,-1.7039963360555568,-0.7040167067097194
OIL,NFP,8.338892595064484,small,1.6686133822785276,-5.000800160031126,-4.000450067511817
OIL,CPI,1.695202576708077,small,1.6957775139903042,-5.0008001600333465,-4.000450067511817
OIL,NFP,6.706908115359234,small,-6.70465973851786,-11.701178570856618,-10.702198709752308
OIL,CPI,3.427004797805777,small,6.856359273227364,1.8583022055228557,2.857966422080583
OIL,FOMC,3.427592116538314,small,1.7120356103417222,0.1366111775101828,1.1367748768130745
